AGF,CFE
AGF,LAI
AGF,LRT
AGF,LYS
AGF,MLH
AGF,MPL
AGF,MRS
AGF,NCE
AGF,NTE
AGF,ORY
AGF,SXB
AGF,TLN
AGF,UIP
AJA,AUR
AJA,BOD
AJA,BVE
AJA,CDG
AJA,DCM
AJA,ETZ
AJA,LIL
AJA,LRH
AJA,ORY
AJA,PIS
AJA,PUF
AJA,RNS
AJA,SXB
AUR,AJA
AUR,BES
AUR,BIQ
AUR,BOD
AUR,LAI
AUR,LRT
AUR,LYS
AUR,MPL
AUR,MRS
AUR,NCE
AUR,NTE
AUR,ORY
AUR,PUF
AUR,SXB
AUR,TLN
AUR,TLS
AUR,UIP
BES,AUR
BES,BIQ
BES,BOD
BES,BVE
BES,CDG
BES,CFE
BES,CFR
BES,DCM
BES,ETZ
BES,LDE
BES,LIL
BES,LRH
BES,LYS
BES,MLH
BES,MPL
BES,MRS
BES,NCE
BES,NTE
BES,ORY
BES,PGF
BES,PIS
BES,PUF
BES,SXB
BES,TLN
BES,TLS
BIA,CDG
BIA,CFE
BIA,LIL
BIA,ORY
BIA,PUF
BIA,RNS
BIQ,AUR
BIQ,BES
BIQ,BVE
BIQ,CFE
BIQ,CFR
BIQ,DCM
BIQ,ETZ
BIQ,LAI
BIQ,LIL
BIQ,LRT
BIQ,LYS
BIQ,MLH
BIQ,MPL
BIQ,MRS
BIQ,NCE
BIQ,NTE
BIQ,ORY
BIQ,PGF
BIQ,PIS
BIQ,PUF
BIQ,RNS
BIQ,SXB
BIQ,TLN
BIQ,TLS
BIQ,UIP
BOD,AJA
BOD,AUR
BOD,BES
BOD,CDG
BOD,CFE
BOD,CFR
BOD,DCM
BOD,ETZ
BOD,FSC
BOD,LAI
BOD,LDE
BOD,LIL
BOD,LRT
BOD,LYS
BOD,MLH
BOD,MPL
BOD,MRS
BOD,NCE
BOD,NTE
BOD,ORY
BOD,PGF
BOD,RNS
BOD,SXB
BOD,TLN
BOD,UIP
BVE,AJA
BVE,BES
BVE,BIQ
BVE,LAI
BVE,LRT
BVE,LYS
BVE,MLH
BVE,MPL
BVE,MRS
BVE,NCE
BVE,NTE
BVE,ORY
BVE,PGF
BVE,PUF
BVE,SXB
BVE,TLN
BVE,TLS
BVE,UIP
CDG,AJA
CDG,BES
CDG,BIA
CDG,BOD
CDG,CFE
CDG,CLY
CDG,FSC
CDG,LYS
CDG,MPL
CDG,MRS
CDG,NCE
CDG,NTE
CDG,PUF
CDG,RNS
CDG,TLS
CFE,AGF
CFE,BES
CFE,BIA
CFE,BIQ
CFE,BOD
CFE,CDG
CFE,CFR
CFE,DCM
CFE,ETZ
CFE,FSC
CFE,LAI
CFE,LDE
CFE,LIL
CFE,LRH
CFE,LRT
CFE,LYS
CFE,MLH
CFE,MPL
CFE,MRS
CFE,NCE
CFE,NTE
CFE,ORY
CFE,PGF
CFE,PIS
CFE,PUF
CFE,RNS
CFE,SXB
CFE,TLN
CFE,TLS
CFE,UIP
CFR,BES
CFR,BIQ
CFR,BOD
CFR,CFE
CFR,ETZ
CFR,FSC
CFR,LIL
CFR,LRH
CFR,LYS
CFR,MLH
CFR,MPL
CFR,MRS
CFR,NCE
CFR,NTE
CFR,PIS
CFR,PUF
CFR,RNS
CFR,SXB
CFR,TLS
CLY,CDG
CLY,ETZ
CLY,LIL
CLY,NTE
CLY,ORY
CLY,SXB
CLY,TLS
DCM,AJA
DCM,BES
DCM,BIQ
DCM,BOD
DCM,CFE
DCM,LAI
DCM,LRT
DCM,LYS
DCM,MLH
DCM,MPL
DCM,MRS
DCM,NCE
DCM,NTE
DCM,ORY
DCM,SXB
DCM,TLN
DCM,UIP
ETZ,AJA
ETZ,BES
ETZ,BIQ
ETZ,BOD
ETZ,CFE
ETZ,CFR
ETZ,CLY
ETZ,LIL
ETZ,LRH
ETZ,LYS
ETZ,MPL
ETZ,MRS
ETZ,NCE
ETZ,NTE
ETZ,PIS
ETZ,PUF
ETZ,RNS
ETZ,TLS
FSC,BOD
FSC,CDG
FSC,CFE
FSC,CFR
FSC,LIL
FSC,MLH
FSC,NTE
FSC,ORY
FSC,RNS
FSC,SXB
FSC,UIP
LAI,AGF
LAI,AUR
LAI,BIQ
LAI,BOD
LAI,BVE
LAI,CFE
LAI,DCM
LAI,LDE
LAI,LYS
LAI,MLH
LAI,MPL
LAI,MRS
LAI,NCE
LAI,ORY
LAI,PGF
LAI,PUF
LAI,SXB
LAI,TLN
LAI,TLS
LDE,BES
LDE,BOD
LDE,CFE
LDE,LAI
LDE,LRT
LDE,LYS
LDE,MLH
LDE,MPL
LDE,MRS
LDE,NCE
LDE,NTE
LDE,ORY
LDE,RNS
LDE,SXB
LDE,TLN
LDE,TLS
LDE,UIP
LIL,AJA
LIL,BES
LIL,BIA
LIL,BIQ
LIL,BOD
LIL,CFE
LIL,CFR
LIL,CLY
LIL,ETZ
LIL,FSC
LIL,LRH
LIL,LYS
LIL,MLH
LIL,MPL
LIL,MRS
LIL,NCE
LIL,NTE
LIL,PGF
LIL,PIS
LIL,PUF
LIL,RNS
LIL,SXB
LIL,TLS
LRH,AJA
LRH,BES
LRH,CFE
LRH,CFR
LRH,ETZ
LRH,LIL
LRH,LYS
LRH,MLH
LRH,MPL
LRH,MRS
LRH,NCE
LRH,PUF
LRH,RNS
LRH,SXB
LRH,TLS
LRT,AGF
LRT,AUR
LRT,BIQ
LRT,BOD
LRT,BVE
LRT,CFE
LRT,DCM
LRT,LDE
LRT,LYS
LRT,MLH
LRT,MPL
LRT,MRS
LRT,NCE
LRT,ORY
LRT,PGF
LRT,PUF
LRT,SXB
LRT,TLN
LRT,TLS
LYS,AGF
LYS,AUR
LYS,BES
LYS,BIQ
LYS,BOD
LYS,BVE
LYS,CDG
LYS,CFE
LYS,CFR
LYS,DCM
LYS,ETZ
LYS,LAI
LYS,LDE
LYS,LIL
LYS,LRH
LYS,LRT
LYS,MLH
LYS,MPL
LYS,MRS
LYS,NCE
LYS,NTE
LYS,ORY
LYS,PGF
LYS,PIS
LYS,PUF
LYS,RNS
LYS,SXB
LYS,TLN
LYS,TLS
LYS,UIP
MLH,AGF
MLH,BES
MLH,BIQ
MLH,BOD
MLH,BVE
MLH,CFE
MLH,CFR
MLH,DCM
MLH,FSC
MLH,LAI
MLH,LDE
MLH,LIL
MLH,LRH
MLH,LRT
MLH,LYS
MLH,MPL
MLH,MRS
MLH,NCE
MLH,NTE
MLH,ORY
MLH,PGF
MLH,PIS
MLH,PUF
MLH,RNS
MLH,SXB
MLH,TLN
MLH,TLS
MLH,UIP
MPL,AGF
MPL,AUR
MPL,BES
MPL,BIQ
MPL,BOD
MPL,BVE
MPL,CDG
MPL,CFE
MPL,CFR
MPL,DCM
MPL,ETZ
MPL,LAI
MPL,LDE
MPL,LIL
MPL,LRH
MPL,LRT
MPL,LYS
MPL,MLH
MPL,MRS
MPL,NCE
MPL,NTE
MPL,ORY
MPL,PIS
MPL,PUF
MPL,RNS
MPL,SXB
MPL,TLN
MPL,TLS
MPL,UIP
MRS,AGF
MRS,AUR
MRS,BES
MRS,BIQ
MRS,BOD
MRS,BVE
MRS,CDG
MRS,CFE
MRS,CFR
MRS,DCM
MRS,ETZ
MRS,LAI
MRS,LDE
MRS,LIL
MRS,LRH
MRS,LRT
MRS,LYS
MRS,MLH
MRS,MPL
MRS,NCE
MRS,NTE
MRS,ORY
MRS,PGF
MRS,PIS
MRS,PUF
MRS,RNS
MRS,SXB
MRS,TLN
MRS,TLS
MRS,UIP
NCE,AGF
NCE,AUR
NCE,BES
NCE,BIQ
NCE,BOD
NCE,BVE
NCE,CDG
NCE,CFE
NCE,CFR
NCE,DCM
NCE,ETZ
NCE,LAI
NCE,LDE
NCE,LIL
NCE,LRH
NCE,LRT
NCE,LYS
NCE,MLH
NCE,MPL
NCE,MRS
NCE,NTE
NCE,ORY
NCE,PGF
NCE,PIS
NCE,PUF
NCE,RNS
NCE,SXB
NCE,TLN
NCE,TLS
NCE,UIP
NTE,AGF
NTE,AUR
NTE,BES
NTE,BIQ
NTE,BOD
NTE,BVE
NTE,CDG
NTE,CFE
NTE,CFR
NTE,CLY
NTE,DCM
NTE,ETZ
NTE,FSC
NTE,LDE
NTE,LIL
NTE,LYS
NTE,MLH
NTE,MPL
NTE,MRS
NTE,NCE
NTE,ORY
NTE,PGF
NTE,PUF
NTE,SXB
NTE,TLN
NTE,TLS
ORY,AGF
ORY,AJA
ORY,AUR
ORY,BES
ORY,BIA
ORY,BIQ
ORY,BOD
ORY,BVE
ORY,CFE
ORY,CLY
ORY,DCM
ORY,FSC
ORY,LAI
ORY,LDE
ORY,LRT
ORY,LYS
ORY,MLH
ORY,MPL
ORY,MRS
ORY,MRS
ORY,NCE
ORY,NTE
ORY,PGF
ORY,PUF
ORY,RNS
ORY,SXB
ORY,TLN
ORY,TLS
ORY,UIP
PGF,BES
PGF,BIQ
PGF,BOD
PGF,BVE
PGF,CFE
PGF,LAI
PGF,LIL
PGF,LRT
PGF,LYS
PGF,MLH
PGF,MRS
PGF,NCE
PGF,NTE
PGF,ORY
PGF,PUF
PGF,SXB
PGF,TLN
PGF,UIP
PIS,AJA
PIS,BES
PIS,BIQ
PIS,CFE
PIS,CFR
PIS,ETZ
PIS,LIL
PIS,LYS
PIS,MLH
PIS,MPL
PIS,MRS
PIS,NCE
PIS,PUF
PIS,RNS
PIS,SXB
PIS,TLS
PUF,AJA
PUF,AUR
PUF,BES
PUF,BIA
PUF,BIQ
PUF,BVE
PUF,CDG
PUF,CFE
PUF,CFR
PUF,ETZ
PUF,LAI
PUF,LIL
PUF,LRH
PUF,LRT
PUF,LYS
PUF,MLH
PUF,MPL
PUF,MRS
PUF,NCE
PUF,NTE
PUF,ORY
PUF,PGF
PUF,PIS
PUF,RNS
PUF,SXB
PUF,TLN
PUF,TLS
PUF,UIP
RNS,AJA
RNS,BIA
RNS,BIQ
RNS,BOD
RNS,CDG
RNS,CFE
RNS,CFR
RNS,ETZ
RNS,FSC
RNS,LDE
RNS,LIL
RNS,LRH
RNS,LYS
RNS,MLH
RNS,MPL
RNS,MRS
RNS,NCE
RNS,ORY
RNS,PIS
RNS,PUF
RNS,SXB
RNS,TLN
RNS,TLS
SXB,AGF
SXB,AJA
SXB,AUR
SXB,BES
SXB,BIQ
SXB,BOD
SXB,BVE
SXB,CFE
SXB,CFR
SXB,CLY
SXB,DCM
SXB,FSC
SXB,LAI
SXB,LDE
SXB,LIL
SXB,LRH
SXB,LRT
SXB,LYS
SXB,MLH
SXB,MPL
SXB,MRS
SXB,NCE
SXB,NTE
SXB,ORY
SXB,PGF
SXB,PIS
SXB,PUF
SXB,RNS
SXB,TLN
SXB,TLS
SXB,UIP
TLN,AGF
TLN,AUR
TLN,BES
TLN,BIQ
TLN,BOD
TLN,BVE
TLN,CFE
TLN,DCM
TLN,LAI
TLN,LDE
TLN,LRT
TLN,LYS
TLN,MLH
TLN,MPL
TLN,MRS
TLN,NCE
TLN,NTE
TLN,ORY
TLN,PGF
TLN,PUF
TLN,RNS
TLN,SXB
TLN,TLS
TLN,UIP
TLS,AUR
TLS,BES
TLS,BIQ
TLS,BVE
TLS,CDG
TLS,CFE
TLS,CFR
TLS,CLY
TLS,ETZ
TLS,LAI
TLS,LDE
TLS,LIL
TLS,LRH
TLS,LRT
TLS,LYS
TLS,MLH
TLS,MPL
TLS,MRS
TLS,NCE
TLS,NTE
TLS,ORY
TLS,PIS
TLS,PUF
TLS,RNS
TLS,SXB
TLS,TLN
TLS,UIP
UIP,AGF
UIP,AUR
UIP,BIQ
UIP,BOD
UIP,BVE
UIP,CFE
UIP,DCM
UIP,FSC
UIP,LDE
UIP,LYS
UIP,MLH
UIP,MPL
UIP,MRS
UIP,NCE
UIP,ORY
UIP,PGF
UIP,PUF
UIP,SXB
UIP,TLN
UIP,TLS
