ACY,ATL
ACY,AUA
ACY,AUS
ACY,AXM
ACY,BDL
ACY,BOG
ACY,BOS
ACY,BQN
ACY,CLO
ACY,CTG
ACY,CUN
ACY,DEN
ACY,DFW
ACY,DTW
ACY,FLL
ACY,GUA
ACY,GYE
ACY,IAH
ACY,KIN
ACY,LAS
ACY,LAX
ACY,LBE
ACY,LIM
ACY,MBJ
ACY,MCI
ACY,MCO
ACY,MDE
ACY,MGA
ACY,MSP
ACY,MSY
ACY,MYR
ACY,ORD
ACY,PAP
ACY,PBI
ACY,PDX
ACY,PHX
ACY,PTY
ACY,PUJ
ACY,RSW
ACY,SAL
ACY,SAN
ACY,SAP
ACY,SDQ
ACY,SJO
ACY,SJU
ACY,STI
ACY,STT
ACY,STX
ACY,SXM
ACY,TPA
ATL,ACY
ATL,AUA
ATL,AUS
ATL,AXM
ATL,BDL
ATL,BOG
ATL,BOS
ATL,BQN
ATL,BWI
ATL,CAK
ATL,CAP
ATL,CLE
ATL,CLO
ATL,CRW
ATL,CTG
ATL,CUN
ATL,DEN
ATL,DFW
ATL,DTW
ATL,EWR
ATL,FLL
ATL,GUA
ATL,GYE
ATL,IAG
ATL,IAH
ATL,JAX
ATL,KIN
ATL,LAS
ATL,LAX
ATL,LBE
ATL,LGA
ATL,LIM
ATL,MBJ
ATL,MCI
ATL,MCO
ATL,MDE
ATL,MGA
ATL,MSP
ATL,MSY
ATL,MYR
ATL,OAK
ATL,ORD
ATL,PAP
ATL,PBG
ATL,PDX
ATL,PHL
ATL,PHX
ATL,PTY
ATL,PUJ
ATL,RSW
ATL,SAL
ATL,SAN
ATL,SAP
ATL,SDQ
ATL,SEA
ATL,SJD
ATL,SJO
ATL,SJU
ATL,STI
ATL,STT
ATL,STX
ATL,SXM
ATL,TPA
AUA,ACY
AUA,ATL
AUA,BDL
AUA,BOS
AUA,BWI
AUA,CMH
AUA,DEN
AUA,DFW
AUA,DTW
AUA,EWR
AUA,FLL
AUA,IAG
AUA,LAS
AUA,LAX
AUA,LGA
AUA,MCO
AUA,MSP
AUA,MSY
AUA,MYR
AUA,ORD
AUA,PBG
AUA,PHX
AUA,PIT
AUA,TPA
AUS,ACY
AUS,ATL
AUS,AVL
AUS,BOG
AUS,BOS
AUS,BQN
AUS,BWI
AUS,DEN
AUS,DTW
AUS,EWR
AUS,FLL
AUS,IAG
AUS,JAX
AUS,LAS
AUS,LAX
AUS,LGA
AUS,MCO
AUS,MGA
AUS,MSP
AUS,MSY
AUS,MYR
AUS,OAK
AUS,ORD
AUS,PBG
AUS,PHL
AUS,PIT
AUS,PTY
AUS,RIC
AUS,SAP
AUS,SDQ
AUS,SEA
AUS,SJO
AUS,SJU
AUS,STI
AVL,AUS
AVL,BQN
AVL,DFW
AVL,FLL
AVL,LIM
AVL,MCO
AVL,PTY
AVL,SAP
AVL,SJO
AVL,SJU
AVL,STI
AVL,TPA
AXM,ACY
AXM,ATL
AXM,BDL
AXM,BOS
AXM,BWI
AXM,CMH
AXM,DEN
AXM,DFW
AXM,DTW
AXM,EWR
AXM,FLL
AXM,IAG
AXM,JAX
AXM,LAS
AXM,LAX
AXM,LGA
AXM,MCO
AXM,MSP
AXM,MSY
AXM,MYR
AXM,ORD
AXM,PBG
AXM,PHX
AXM,PIT
AXM,SJU
AXM,TPA
BDL,ACY
BDL,ATL
BDL,AUA
BDL,AXM
BDL,BQN
BDL,CLO
BDL,DEN
BDL,DFW
BDL,FLL
BDL,IAH
BDL,JAX
BDL,LAS
BDL,LAX
BDL,LIM
BDL,MCO
BDL,MGA
BDL,MSP
BDL,MSY
BDL,MYR
BDL,OAK
BDL,ORD
BDL,PAP
BDL,PHX
BDL,PTY
BDL,RSW
BDL,SAN
BDL,SAP
BDL,SEA
BDL,SJD
BDL,SJO
BDL,SJU
BDL,STI
BDL,TPA
BOG,ACY
BOG,ATL
BOG,AUS
BOG,BOS
BOG,BQN
BOG,BWI
BOG,CMH
BOG,DEN
BOG,DFW
BOG,DTW
BOG,EWR
BOG,FLL
BOG,IAG
BOG,IAH
BOG,JAX
BOG,LAS
BOG,LAX
BOG,LGA
BOG,MCO
BOG,MSP
BOG,MSY
BOG,MYR
BOG,ORD
BOG,PBG
BOG,PHX
BOG,PIT
BOG,SJU
BOG,TPA
BOS,ACY
BOS,ATL
BOS,AUA
BOS,AUS
BOS,AXM
BOS,BOG
BOS,BQN
BOS,BWI
BOS,CLE
BOS,CLO
BOS,CTG
BOS,CUN
BOS,DEN
BOS,DFW
BOS,DTW
BOS,FLL
BOS,GUA
BOS,GYE
BOS,IAH
BOS,KIN
BOS,LAS
BOS,LAX
BOS,LIM
BOS,MBJ
BOS,MCO
BOS,MDE
BOS,MGA
BOS,MSP
BOS,MSY
BOS,MYR
BOS,OAK
BOS,ORD
BOS,PAP
BOS,PBI
BOS,PDX
BOS,PHX
BOS,PTY
BOS,PUJ
BOS,RSW
BOS,SAL
BOS,SAN
BOS,SAP
BOS,SDQ
BOS,SEA
BOS,SJO
BOS,SJU
BOS,STI
BOS,STT
BOS,STX
BOS,SXM
BOS,TPA
BQN,ACY
BQN,ATL
BQN,AUS
BQN,AVL
BQN,BDL
BQN,BOG
BQN,BOS
BQN,BWI
BQN,CAK
BQN,CMH
BQN,CRW
BQN,CTG
BQN,CUN
BQN,DFW
BQN,DTW
BQN,EWR
BQN,FLL
BQN,GSO
BQN,GUA
BQN,IAG
BQN,IAH
BQN,IND
BQN,JAX
BQN,LBE
BQN,LGA
BQN,LIM
BQN,MCI
BQN,MCO
BQN,MDE
BQN,MSY
BQN,MYR
BQN,ORD
BQN,PBG
BQN,PHL
BQN,RIC
BQN,SAL
BQN,SAN
BQN,SEA
BQN,SJO
BQN,STX
BQN,TPA
BWI,ATL
BWI,AUA
BWI,AUS
BWI,AXM
BWI,BOG
BWI,BOS
BWI,BQN
BWI,CAP
BWI,CLE
BWI,CLO
BWI,CTG
BWI,CUN
BWI,DEN
BWI,DFW
BWI,DTW
BWI,FLL
BWI,GUA
BWI,GYE
BWI,IAH
BWI,JAX
BWI,KIN
BWI,LAS
BWI,LAX
BWI,LIM
BWI,MBJ
BWI,MCO
BWI,MDE
BWI,MGA
BWI,MSP
BWI,MSY
BWI,MYR
BWI,OAK
BWI,ORD
BWI,PAP
BWI,PBI
BWI,PDX
BWI,PHX
BWI,PTY
BWI,PUJ
BWI,RSW
BWI,SAL
BWI,SAN
BWI,SAP
BWI,SDQ
BWI,SEA
BWI,SJO
BWI,SJU
BWI,STI
BWI,STT
BWI,STX
BWI,SXM
BWI,TPA
CAK,ATL
CAK,BQN
CAK,DEN
CAK,DFW
CAK,FLL
CAK,IAH
CAK,LAS
CAK,LAX
CAK,MCO
CAK,MGA
CAK,MYR
CAK,OAK
CAK,PDX
CAK,PTY
CAK,RSW
CAK,SAN
CAK,SAP
CAK,SEA
CAK,SJO
CAK,SJU
CAK,STI
CAK,TPA
CAP,ATL
CAP,BWI
CAP,DEN
CAP,EWR
CAP,FLL
CAP,IAG
CAP,LAS
CAP,LAX
CAP,LGA
CAP,MSP
CAP,PBG
CAP,TPA
CLE,ATL
CLE,BOS
CLE,BWI
CLE,CLO
CLE,CUN
CLE,DEN
CLE,DFW
CLE,FLL
CLE,IAH
CLE,LAS
CLE,LAX
CLE,LIM
CLE,MCO
CLE,MGA
CLE,MSP
CLE,MSY
CLE,MYR
CLE,OAK
CLE,PAP
CLE,PDX
CLE,PHX
CLE,PTY
CLE,RSW
CLE,SAL
CLE,SAN
CLE,SAP
CLE,SEA
CLE,SJD
CLE,SJO
CLE,SJU
CLE,STI
CLE,TPA
CLO,ACY
CLO,ATL
CLO,BDL
CLO,BOS
CLO,BWI
CLO,CLE
CLO,CMH
CLO,DEN
CLO,DFW
CLO,DTW
CLO,EWR
CLO,FLL
CLO,IAH
CLO,JAX
CLO,LAS
CLO,LGA
CLO,MCO
CLO,MSY
CLO,MYR
CLO,ORD
CLO,PHL
CLO,PIT
CLO,SAN
CLO,TPA
CMH,AUA
CMH,AXM
CMH,BOG
CMH,BQN
CMH,CLO
CMH,CTG
CMH,CUN
CMH,DFW
CMH,FLL
CMH,GUA
CMH,IAH
CMH,KIN
CMH,LAS
CMH,LAX
CMH,LIM
CMH,MBJ
CMH,MCO
CMH,MDE
CMH,MSY
CMH,MYR
CMH,OAK
CMH,PDX
CMH,PUJ
CMH,RSW
CMH,SAL
CMH,SDQ
CMH,SEA
CMH,SJO
CMH,SJU
CMH,STT
CMH,STX
CMH,SXM
CMH,TPA
CRW,ATL
CRW,BQN
CRW,FLL
CRW,MGA
CRW,MYR
CRW,PTY
CRW,SAL
CRW,SAP
CRW,SJO
CRW,SJU
CRW,STI
CTG,ACY
CTG,ATL
CTG,BOS
CTG,BQN
CTG,BWI
CTG,CMH
CTG,DEN
CTG,DFW
CTG,DTW
CTG,EWR
CTG,FLL
CTG,IAG
CTG,IND
CTG,JAX
CTG,LAS
CTG,LAX
CTG,LGA
CTG,MCO
CTG,MSP
CTG,MSY
CTG,MYR
CTG,ORD
CTG,PBG
CTG,PHX
CTG,PIT
CTG,SJU
CTG,TPA
CUN,ACY
CUN,ATL
CUN,BOS
CUN,BQN
CUN,BWI
CUN,CLE
CUN,CMH
CUN,DEN
CUN,DFW
CUN,DTW
CUN,EWR
CUN,FLL
CUN,IAG
CUN,IAH
CUN,JAX
CUN,LAS
CUN,LAX
CUN,LGA
CUN,MCO
CUN,MSP
CUN,MSY
CUN,MYR
CUN,OAK
CUN,ORD
CUN,PBG
CUN,PDX
CUN,PHL
CUN,PHX
CUN,PIT
CUN,SAN
CUN,SEA
CUN,SJU
CUN,TPA
DEN,ACY
DEN,ATL
DEN,AUA
DEN,AUS
DEN,AXM
DEN,BDL
DEN,BOG
DEN,BOS
DEN,BWI
DEN,CAK
DEN,CAP
DEN,CLE
DEN,CLO
DEN,CTG
DEN,CUN
DEN,DFW
DEN,DTW
DEN,EWR
DEN,FLL
DEN,GUA
DEN,IAH
DEN,KIN
DEN,LAS
DEN,LAX
DEN,LBE
DEN,LGA
DEN,LIM
DEN,MBJ
DEN,MCO
DEN,MDE
DEN,MGA
DEN,MSP
DEN,MSY
DEN,MYR
DEN,OAK
DEN,ORD
DEN,PAP
DEN,PDX
DEN,PHL
DEN,PHX
DEN,PIT
DEN,PTY
DEN,PUJ
DEN,RSW
DEN,SAL
DEN,SAN
DEN,SAP
DEN,SDQ
DEN,SEA
DEN,SJD
DEN,SJO
DEN,SJU
DEN,STT
DEN,STX
DEN,SXM
DEN,TPA
DFW,ACY
DFW,ATL
DFW,AUA
DFW,AVL
DFW,AXM
DFW,BDL
DFW,BOG
DFW,BOS
DFW,BQN
DFW,BWI
DFW,CAK
DFW,CLE
DFW,CLO
DFW,CMH
DFW,CTG
DFW,CUN
DFW,DEN
DFW,DTW
DFW,EWR
DFW,FLL
DFW,GSO
DFW,GUA
DFW,GYE
DFW,IAG
DFW,IAH
DFW,IND
DFW,JAX
DFW,KIN
DFW,LAS
DFW,LAX
DFW,LBE
DFW,LGA
DFW,LIM
DFW,MBJ
DFW,MCO
DFW,MDE
DFW,MGA
DFW,MSP
DFW,MSY
DFW,MYR
DFW,OAK
DFW,ORD
DFW,PAP
DFW,PBG
DFW,PDX
DFW,PHL
DFW,PHX
DFW,PIT
DFW,PTY
DFW,PUJ
DFW,RIC
DFW,RSW
DFW,SAL
DFW,SAN
DFW,SAP
DFW,SDQ
DFW,SEA
DFW,SJD
DFW,SJO
DFW,SJU
DFW,STI
DFW,STT
DFW,STX
DFW,SXM
DFW,TPA
DTW,ACY
DTW,ATL
DTW,AUA
DTW,AUS
DTW,AXM
DTW,BOG
DTW,BOS
DTW,BQN
DTW,BWI
DTW,CLO
DTW,CTG
DTW,CUN
DTW,DEN
DTW,DFW
DTW,FLL
DTW,GUA
DTW,GYE
DTW,IAH
DTW,JAX
DTW,KIN
DTW,LAS
DTW,LAX
DTW,LGA
DTW,LIM
DTW,MBJ
DTW,MCI
DTW,MCO
DTW,MDE
DTW,MGA
DTW,MSP
DTW,MSY
DTW,MYR
DTW,OAK
DTW,ORD
DTW,PAP
DTW,PBI
DTW,PDX
DTW,PHL
DTW,PHX
DTW,PTY
DTW,PUJ
DTW,RSW
DTW,SAL
DTW,SAN
DTW,SAP
DTW,SDQ
DTW,SEA
DTW,SJD
DTW,SJO
DTW,SJU
DTW,STI
DTW,STT
DTW,STX
DTW,SXM
DTW,TPA
EWR,ATL
EWR,AUA
EWR,AUS
EWR,AXM
EWR,BOG
EWR,BQN
EWR,CAP
EWR,CLO
EWR,CTG
EWR,CUN
EWR,DEN
EWR,DFW
EWR,FLL
EWR,GUA
EWR,GYE
EWR,IAH
EWR,KIN
EWR,LAS
EWR,LAX
EWR,LIM
EWR,MBJ
EWR,MCI
EWR,MCO
EWR,MDE
EWR,MGA
EWR,MSP
EWR,MSY
EWR,MYR
EWR,OAK
EWR,PAP
EWR,PDX
EWR,PHX
EWR,PTY
EWR,PUJ
EWR,SAL
EWR,SAN
EWR,SAP
EWR,SDQ
EWR,SEA
EWR,SJO
EWR,SJU
EWR,STI
EWR,STT
EWR,STX
EWR,SXM
EWR,TPA
FLL,ACY
FLL,ATL
FLL,AUA
FLL,AUS
FLL,AVL
FLL,AXM
FLL,BDL
FLL,BOG
FLL,BOS
FLL,BQN
FLL,BWI
FLL,CAK
FLL,CAP
FLL,CLE
FLL,CLO
FLL,CMH
FLL,CRW
FLL,CTG
FLL,CUN
FLL,DEN
FLL,DFW
FLL,DTW
FLL,EWR
FLL,GSO
FLL,GUA
FLL,GYE
FLL,IAG
FLL,IAH
FLL,IND
FLL,JAX
FLL,KIN
FLL,LAS
FLL,LAX
FLL,LBE
FLL,LGA
FLL,LIM
FLL,MBJ
FLL,MCI
FLL,MCO
FLL,MDE
FLL,MGA
FLL,MSP
FLL,MSY
FLL,MYR
FLL,OAK
FLL,ORD
FLL,PAP
FLL,PBG
FLL,PDX
FLL,PHL
FLL,PHX
FLL,PIT
FLL,PTY
FLL,PUJ
FLL,RIC
FLL,SAL
FLL,SAN
FLL,SAP
FLL,SDQ
FLL,SEA
FLL,SJD
FLL,SJO
FLL,SJU
FLL,STI
FLL,STT
FLL,STX
FLL,SXM
FLL,TPA
GSO,BQN
GSO,DFW
GSO,FLL
GSO,GYE
GSO,IAH
GSO,LIM
GSO,MCO
GSO,MGA
GSO,ORD
GSO,PTY
GSO,SAP
GSO,SJO
GSO,SJU
GSO,STI
GSO,TPA
GUA,ACY
GUA,ATL
GUA,BOS
GUA,BQN
GUA,BWI
GUA,CMH
GUA,DEN
GUA,DFW
GUA,DTW
GUA,EWR
GUA,FLL
GUA,IAG
GUA,IAH
GUA,JAX
GUA,LAS
GUA,LAX
GUA,LGA
GUA,MCI
GUA,MCO
GUA,MSP
GUA,MSY
GUA,MYR
GUA,ORD
GUA,PBG
GUA,PHX
GUA,PIT
GUA,SJU
GUA,TPA
GYE,ACY
GYE,ATL
GYE,BOS
GYE,BWI
GYE,DFW
GYE,DTW
GYE,EWR
GYE,FLL
GYE,GSO
GYE,IAH
GYE,LAS
GYE,LAX
GYE,LGA
GYE,MCI
GYE,MCO
GYE,MSP
GYE,MSY
GYE,ORD
GYE,PIT
GYE,TPA
IAG,ATL
IAG,AUA
IAG,AUS
IAG,AXM
IAG,BOG
IAG,BQN
IAG,CAP
IAG,CTG
IAG,CUN
IAG,DFW
IAG,FLL
IAG,GUA
IAG,IAH
IAG,KIN
IAG,LAS
IAG,LIM
IAG,MBJ
IAG,MCI
IAG,MCO
IAG,MDE
IAG,MGA
IAG,MYR
IAG,PAP
IAG,PTY
IAG,PUJ
IAG,SAL
IAG,SAN
IAG,SAP
IAG,SDQ
IAG,SJO
IAG,SJU
IAG,STI
IAG,STT
IAG,STX
IAG,SXM
IAG,TPA
IAH,ACY
IAH,ATL
IAH,BDL
IAH,BOG
IAH,BOS
IAH,BQN
IAH,BWI
IAH,CAK
IAH,CLE
IAH,CLO
IAH,CMH
IAH,CUN
IAH,DEN
IAH,DFW
IAH,DTW
IAH,EWR
IAH,FLL
IAH,GSO
IAH,GUA
IAH,GYE
IAH,IAG
IAH,KIN
IAH,LAS
IAH,LAX
IAH,LBE
IAH,LGA
IAH,MBJ
IAH,MCO
IAH,MGA
IAH,MSP
IAH,MSY
IAH,MYR
IAH,OAK
IAH,ORD
IAH,PBG
IAH,PDX
IAH,PHL
IAH,PHX
IAH,PIT
IAH,PTY
IAH,PUJ
IAH,RIC
IAH,RSW
IAH,SAL
IAH,SAN
IAH,SAP
IAH,SDQ
IAH,SEA
IAH,SJD
IAH,SJO
IAH,SJU
IAH,STI
IAH,TPA
IND,BQN
IND,CTG
IND,DFW
IND,FLL
IND,LAS
IND,LAX
IND,MCO
IND,MSY
IND,MYR
IND,OAK
IND,PDX
IND,PTY
IND,SAN
IND,SEA
IND,SJO
IND,STT
IND,TPA
JAX,ATL
JAX,AUS
JAX,AXM
JAX,BDL
JAX,BOG
JAX,BQN
JAX,BWI
JAX,CLO
JAX,CTG
JAX,CUN
JAX,DFW
JAX,DTW
JAX,FLL
JAX,GUA
JAX,KIN
JAX,LAS
JAX,LGA
JAX,MBJ
JAX,MCI
JAX,MDE
JAX,MGA
JAX,ORD
JAX,RIC
JAX,SAL
JAX,SDQ
JAX,SJO
JAX,SJU
JAX,STT
JAX,STX
KIN,ACY
KIN,ATL
KIN,BOS
KIN,BWI
KIN,CMH
KIN,DEN
KIN,DFW
KIN,DTW
KIN,EWR
KIN,FLL
KIN,IAG
KIN,IAH
KIN,JAX
KIN,LAS
KIN,LAX
KIN,LBE
KIN,LGA
KIN,MCO
KIN,MSP
KIN,MSY
KIN,MYR
KIN,ORD
KIN,PBG
KIN,PHL
KIN,PHX
KIN,PIT
KIN,SJU
KIN,TPA
LAS,ACY
LAS,ATL
LAS,AUA
LAS,AUS
LAS,AXM
LAS,BDL
LAS,BOG
LAS,BOS
LAS,BWI
LAS,CAK
LAS,CAP
LAS,CLE
LAS,CLO
LAS,CMH
LAS,CTG
LAS,CUN
LAS,DEN
LAS,DFW
LAS,DTW
LAS,EWR
LAS,FLL
LAS,GUA
LAS,GYE
LAS,IAG
LAS,IAH
LAS,IND
LAS,JAX
LAS,KIN
LAS,LAX
LAS,LBE
LAS,LGA
LAS,LIM
LAS,MBJ
LAS,MCI
LAS,MCO
LAS,MDE
LAS,MGA
LAS,MSP
LAS,MSY
LAS,MYR
LAS,OAK
LAS,ORD
LAS,PAP
LAS,PBG
LAS,PDX
LAS,PHL
LAS,PHX
LAS,PIT
LAS,PTY
LAS,PUJ
LAS,RIC
LAS,RSW
LAS,SAL
LAS,SAN
LAS,SAP
LAS,SDQ
LAS,SEA
LAS,SJD
LAS,SJO
LAS,SJU
LAS,STI
LAS,STT
LAS,STX
LAS,SXM
LAS,TPA
LAX,ACY
LAX,ATL
LAX,AUA
LAX,AUS
LAX,AXM
LAX,BDL
LAX,BOG
LAX,BOS
LAX,BWI
LAX,CAK
LAX,CAP
LAX,CLE
LAX,CMH
LAX,CTG
LAX,CUN
LAX,DEN
LAX,DFW
LAX,DTW
LAX,EWR
LAX,FLL
LAX,GUA
LAX,GYE
LAX,IAH
LAX,IND
LAX,KIN
LAX,LAS
LAX,LBE
LAX,LGA
LAX,LIM
LAX,MBJ
LAX,MCI
LAX,MCO
LAX,MDE
LAX,MGA
LAX,MSP
LAX,MSY
LAX,MYR
LAX,OAK
LAX,ORD
LAX,PAP
LAX,PDX
LAX,PHL
LAX,PHX
LAX,PIT
LAX,PTY
LAX,PUJ
LAX,RIC
LAX,RSW
LAX,SAL
LAX,SAP
LAX,SDQ
LAX,SEA
LAX,SJO
LAX,SJU
LAX,STT
LAX,STX
LAX,SXM
LAX,TPA
LBE,ACY
LBE,ATL
LBE,BQN
LBE,DEN
LBE,DFW
LBE,FLL
LBE,IAH
LBE,KIN
LBE,LAS
LBE,LAX
LBE,LIM
LBE,MBJ
LBE,MCI
LBE,MCO
LBE,MGA
LBE,MSP
LBE,MSY
LBE,MYR
LBE,ORD
LBE,PAP
LBE,PDX
LBE,PHX
LBE,PTY
LBE,RSW
LBE,SAL
LBE,SAN
LBE,SAP
LBE,SJO
LBE,SJU
LBE,STI
LBE,STT
LBE,TPA
LGA,ATL
LGA,AUA
LGA,AUS
LGA,AXM
LGA,BOG
LGA,BQN
LGA,CAP
LGA,CLO
LGA,CTG
LGA,CUN
LGA,DEN
LGA,DFW
LGA,DTW
LGA,FLL
LGA,GUA
LGA,GYE
LGA,IAH
LGA,JAX
LGA,KIN
LGA,LAS
LGA,LAX
LGA,LIM
LGA,MBJ
LGA,MCI
LGA,MCO
LGA,MDE
LGA,MGA
LGA,MSP
LGA,MSY
LGA,MYR
LGA,OAK
LGA,ORD
LGA,PAP
LGA,PDX
LGA,PHX
LGA,PTY
LGA,PUJ
LGA,RSW
LGA,SAL
LGA,SAN
LGA,SAP
LGA,SDQ
LGA,SEA
LGA,SJO
LGA,SJU
LGA,STI
LGA,STT
LGA,STX
LGA,SXM
LGA,TPA
LIM,ACY
LIM,ATL
LIM,AVL
LIM,BDL
LIM,BOS
LIM,BQN
LIM,BWI
LIM,CLE
LIM,CMH
LIM,DEN
LIM,DFW
LIM,DTW
LIM,EWR
LIM,FLL
LIM,GSO
LIM,IAG
LIM,LAS
LIM,LAX
LIM,LBE
LIM,LGA
LIM,MCI
LIM,MCO
LIM,MSP
LIM,MYR
LIM,ORD
LIM,PBG
LIM,PHL
LIM,PHX
LIM,PIT
LIM,SJU
LIM,TPA
MBJ,ACY
MBJ,ATL
MBJ,BOS
MBJ,BWI
MBJ,CMH
MBJ,DEN
MBJ,DFW
MBJ,DTW
MBJ,EWR
MBJ,FLL
MBJ,IAG
MBJ,IAH
MBJ,JAX
MBJ,LAS
MBJ,LAX
MBJ,LBE
MBJ,LGA
MBJ,MCO
MBJ,MSP
MBJ,MSY
MBJ,MYR
MBJ,ORD
MBJ,PBG
MBJ,PHL
MBJ,PHX
MBJ,PIT
MBJ,SEA
MBJ,SJU
MBJ,TPA
MCI,ACY
MCI,ATL
MCI,BQN
MCI,DTW
MCI,EWR
MCI,FLL
MCI,GUA
MCI,GYE
MCI,IAG
MCI,JAX
MCI,LAS
MCI,LAX
MCI,LBE
MCI,LGA
MCI,LIM
MCI,MCO
MCI,MGA
MCI,MSP
MCI,MSY
MCI,MYR
MCI,OAK
MCI,PBG
MCI,PDX
MCI,PHL
MCI,PHX
MCI,PTY
MCI,RSW
MCI,SAL
MCI,SAN
MCI,SAP
MCI,SEA
MCI,SJD
MCI,SJO
MCI,STI
MCI,TPA
MCO,ACY
MCO,ATL
MCO,AUA
MCO,AUS
MCO,AVL
MCO,AXM
MCO,BDL
MCO,BOG
MCO,BOS
MCO,BQN
MCO,BWI
MCO,CAK
MCO,CLE
MCO,CLO
MCO,CMH
MCO,CTG
MCO,CUN
MCO,DEN
MCO,DFW
MCO,DTW
MCO,EWR
MCO,FLL
MCO,GSO
MCO,GUA
MCO,GYE
MCO,IAG
MCO,IAH
MCO,IND
MCO,KIN
MCO,LAS
MCO,LAX
MCO,LBE
MCO,LGA
MCO,LIM
MCO,MBJ
MCO,MCI
MCO,MDE
MCO,MGA
MCO,MSP
MCO,MSY
MCO,MYR
MCO,OAK
MCO,ORD
MCO,PAP
MCO,PBG
MCO,PDX
MCO,PHL
MCO,PHX
MCO,PIT
MCO,PTY
MCO,PUJ
MCO,RIC
MCO,SAL
MCO,SAN
MCO,SAP
MCO,SDQ
MCO,SEA
MCO,SJD
MCO,SJO
MCO,SJU
MCO,STI
MCO,STT
MCO,STX
MCO,SXM
MCO,TPA
MDE,ACY
MDE,ATL
MDE,BOS
MDE,BQN
MDE,BWI
MDE,CMH
MDE,DEN
MDE,DFW
MDE,DTW
MDE,EWR
MDE,FLL
MDE,IAG
MDE,JAX
MDE,LAS
MDE,LAX
MDE,LGA
MDE,MCO
MDE,MSP
MDE,MSY
MDE,MYR
MDE,ORD
MDE,PBG
MDE,PHX
MDE,PIT
MDE,SJU
MDE,TPA
MGA,ACY
MGA,ATL
MGA,AUS
MGA,BDL
MGA,BOS
MGA,BWI
MGA,CAK
MGA,CLE
MGA,CRW
MGA,DEN
MGA,DFW
MGA,DTW
MGA,EWR
MGA,FLL
MGA,GSO
MGA,IAG
MGA,IAH
MGA,JAX
MGA,LAS
MGA,LAX
MGA,LBE
MGA,LGA
MGA,MCI
MGA,MCO
MGA,MSP
MGA,MSY
MGA,MYR
MGA,OAK
MGA,ORD
MGA,PBG
MGA,PHL
MGA,PIT
MGA,RIC
MGA,SAN
MGA,SEA
MGA,SJU
MGA,STX
MGA,TPA
MSP,ACY
MSP,ATL
MSP,AUA
MSP,AUS
MSP,AXM
MSP,BDL
MSP,BOG
MSP,BOS
MSP,BWI
MSP,CAP
MSP,CLE
MSP,CTG
MSP,CUN
MSP,DEN
MSP,DFW
MSP,DTW
MSP,EWR
MSP,FLL
MSP,GUA
MSP,GYE
MSP,IAH
MSP,KIN
MSP,LAS
MSP,LAX
MSP,LBE
MSP,LGA
MSP,LIM
MSP,MBJ
MSP,MCI
MSP,MCO
MSP,MDE
MSP,MGA
MSP,MSY
MSP,MYR
MSP,OAK
MSP,ORD
MSP,PAP
MSP,PDX
MSP,PHL
MSP,PHX
MSP,PUJ
MSP,RSW
MSP,SAL
MSP,SAN
MSP,SAP
MSP,SDQ
MSP,SEA
MSP,SJD
MSP,SJO
MSP,SJU
MSP,STT
MSP,SXM
MSP,TPA
MSY,ACY
MSY,ATL
MSY,AUA
MSY,AUS
MSY,AXM
MSY,BDL
MSY,BOG
MSY,BOS
MSY,BQN
MSY,BWI
MSY,CLE
MSY,CLO
MSY,CMH
MSY,CTG
MSY,CUN
MSY,DEN
MSY,DFW
MSY,DTW
MSY,EWR
MSY,FLL
MSY,GUA
MSY,GYE
MSY,IAH
MSY,IND
MSY,KIN
MSY,LAS
MSY,LAX
MSY,LBE
MSY,LGA
MSY,MBJ
MSY,MCI
MSY,MCO
MSY,MDE
MSY,MGA
MSY,MSP
MSY,OAK
MSY,ORD
MSY,PDX
MSY,PHL
MSY,PHX
MSY,PIT
MSY,PTY
MSY,PUJ
MSY,RIC
MSY,SAL
MSY,SAN
MSY,SAP
MSY,SDQ
MSY,SEA
MSY,SJD
MSY,SJO
MSY,SJU
MSY,STI
MSY,STT
MSY,STX
MSY,SXM
MSY,TPA
MYR,ACY
MYR,ATL
MYR,AUA
MYR,AUS
MYR,AXM
MYR,BDL
MYR,BOG
MYR,BOS
MYR,BQN
MYR,BWI
MYR,CAK
MYR,CLE
MYR,CLO
MYR,CMH
MYR,CRW
MYR,CTG
MYR,CUN
MYR,DEN
MYR,DFW
MYR,DTW
MYR,EWR
MYR,FLL
MYR,GUA
MYR,IAG
MYR,IAH
MYR,IND
MYR,KIN
MYR,LAS
MYR,LAX
MYR,LBE
MYR,LGA
MYR,LIM
MYR,MBJ
MYR,MCI
MYR,MCO
MYR,MDE
MYR,MGA
MYR,MSP
MYR,OAK
MYR,ORD
MYR,PAP
MYR,PBG
MYR,PDX
MYR,PHL
MYR,PHX
MYR,PIT
MYR,PTY
MYR,PUJ
MYR,SAL
MYR,SAN
MYR,SAP
MYR,SDQ
MYR,SEA
MYR,SJO
MYR,SJU
MYR,STT
MYR,STX
MYR,SXM
MYR,TPA
OAK,ATL
OAK,AUS
OAK,BDL
OAK,BOS
OAK,BWI
OAK,CAK
OAK,CLE
OAK,CMH
OAK,CUN
OAK,DEN
OAK,DFW
OAK,DTW
OAK,EWR
OAK,FLL
OAK,IAH
OAK,IND
OAK,LAS
OAK,LAX
OAK,LGA
OAK,MCI
OAK,MCO
OAK,MGA
OAK,MSP
OAK,MSY
OAK,MYR
OAK,ORD
OAK,PDX
OAK,PHL
OAK,PHX
OAK,PIT
OAK,RSW
OAK,SAL
OAK,SAN
OAK,SAP
OAK,SEA
OAK,SJD
OAK,SJO
OAK,TPA
ORD,ACY
ORD,ATL
ORD,AUA
ORD,AUS
ORD,AXM
ORD,BDL
ORD,BOG
ORD,BOS
ORD,BQN
ORD,BWI
ORD,CLO
ORD,CTG
ORD,CUN
ORD,DEN
ORD,DFW
ORD,DTW
ORD,FLL
ORD,GSO
ORD,GUA
ORD,GYE
ORD,IAH
ORD,JAX
ORD,KIN
ORD,LAS
ORD,LAX
ORD,LBE
ORD,LGA
ORD,LIM
ORD,MBJ
ORD,MCO
ORD,MDE
ORD,MGA
ORD,MSP
ORD,MSY
ORD,MYR
ORD,OAK
ORD,PAP
ORD,PBI
ORD,PDX
ORD,PHL
ORD,PHX
ORD,PTY
ORD,PUJ
ORD,RSW
ORD,SAL
ORD,SAN
ORD,SAP
ORD,SDQ
ORD,SEA
ORD,SJO
ORD,SJU
ORD,STI
ORD,STT
ORD,STX
ORD,SXM
ORD,TPA
PAP,ACY
PAP,ATL
PAP,BDL
PAP,BOS
PAP,BWI
PAP,CLE
PAP,DEN
PAP,DFW
PAP,DTW
PAP,EWR
PAP,FLL
PAP,IAG
PAP,LAS
PAP,LAX
PAP,LBE
PAP,LGA
PAP,MCO
PAP,MSP
PAP,MYR
PAP,ORD
PAP,PBG
PAP,TPA
PBG,ATL
PBG,AUA
PBG,AUS
PBG,AXM
PBG,BOG
PBG,BQN
PBG,CAP
PBG,CTG
PBG,CUN
PBG,DFW
PBG,FLL
PBG,GUA
PBG,IAH
PBG,KIN
PBG,LAS
PBG,LIM
PBG,MBJ
PBG,MCI
PBG,MCO
PBG,MDE
PBG,MGA
PBG,MYR
PBG,PAP
PBG,PTY
PBG,PUJ
PBG,SAL
PBG,SAN
PBG,SAP
PBG,SDQ
PBG,SJO
PBG,SJU
PBG,STI
PBG,STT
PBG,STX
PBG,SXM
PBG,TPA
PBI,ACY
PBI,BOS
PBI,BWI
PBI,DTW
PBI,ORD
PDX,ACY
PDX,ATL
PDX,BOS
PDX,BWI
PDX,CAK
PDX,CLE
PDX,CMH
PDX,CUN
PDX,DEN
PDX,DFW
PDX,DTW
PDX,EWR
PDX,FLL
PDX,IAH
PDX,IND
PDX,LAS
PDX,LAX
PDX,LBE
PDX,LGA
PDX,MCI
PDX,MCO
PDX,MSP
PDX,MSY
PDX,MYR
PDX,OAK
PDX,ORD
PDX,PHL
PDX,PHX
PDX,PIT
PDX,RSW
PDX,SAN
PDX,TPA
PHL,ATL
PHL,AUS
PHL,BQN
PHL,CLO
PHL,CUN
PHL,DEN
PHL,DFW
PHL,DTW
PHL,FLL
PHL,IAH
PHL,KIN
PHL,LAS
PHL,LAX
PHL,LIM
PHL,MBJ
PHL,MCI
PHL,MCO
PHL,MGA
PHL,MSP
PHL,MSY
PHL,MYR
PHL,OAK
PHL,ORD
PHL,PDX
PHL,PHX
PHL,PTY
PHL,PUJ
PHL,RSW
PHL,SAN
PHL,SAP
PHL,SEA
PHL,SJD
PHL,SJO
PHL,SJU
PHL,STI
PHL,STT
PHL,STX
PHL,TPA
PHX,ACY
PHX,ATL
PHX,AUA
PHX,AXM
PHX,BDL
PHX,BOG
PHX,BOS
PHX,BWI
PHX,CLE
PHX,CTG
PHX,CUN
PHX,DEN
PHX,DFW
PHX,DTW
PHX,EWR
PHX,FLL
PHX,GUA
PHX,IAH
PHX,KIN
PHX,LAS
PHX,LAX
PHX,LBE
PHX,LGA
PHX,LIM
PHX,MBJ
PHX,MCI
PHX,MCO
PHX,MDE
PHX,MSP
PHX,MSY
PHX,MYR
PHX,OAK
PHX,ORD
PHX,PDX
PHX,PHL
PHX,PIT
PHX,PUJ
PHX,RSW
PHX,SAL
PHX,SAN
PHX,SDQ
PHX,SEA
PHX,SJO
PHX,SJU
PHX,STT
PHX,STX
PHX,SXM
PHX,TPA
PIT,AUA
PIT,AUS
PIT,AXM
PIT,BOG
PIT,CLO
PIT,CTG
PIT,CUN
PIT,DEN
PIT,DFW
PIT,FLL
PIT,GUA
PIT,GYE
PIT,IAH
PIT,KIN
PIT,LAS
PIT,LAX
PIT,LIM
PIT,MBJ
PIT,MCO
PIT,MDE
PIT,MGA
PIT,MSY
PIT,MYR
PIT,OAK
PIT,PDX
PIT,PHX
PIT,PUJ
PIT,RSW
PIT,SAL
PIT,SAP
PIT,SDQ
PIT,SEA
PIT,SJO
PIT,SJU
PIT,STI
PIT,STT
PIT,STX
PIT,SXM
PIT,TPA
PTY,ACY
PTY,ATL
PTY,AUS
PTY,AVL
PTY,BDL
PTY,BOS
PTY,BWI
PTY,CAK
PTY,CLE
PTY,CRW
PTY,DEN
PTY,DFW
PTY,DTW
PTY,EWR
PTY,FLL
PTY,GSO
PTY,IAG
PTY,IAH
PTY,IND
PTY,LAS
PTY,LAX
PTY,LBE
PTY,LGA
PTY,MCI
PTY,MCO
PTY,MSY
PTY,MYR
PTY,ORD
PTY,PBG
PTY,PHL
PTY,RIC
PTY,SAN
PTY,SEA
PTY,SJU
PTY,STX
PTY,TPA
PUJ,ACY
PUJ,ATL
PUJ,BOS
PUJ,BWI
PUJ,CMH
PUJ,DEN
PUJ,DFW
PUJ,DTW
PUJ,EWR
PUJ,FLL
PUJ,IAG
PUJ,IAH
PUJ,LAS
PUJ,LAX
PUJ,LGA
PUJ,MCO
PUJ,MSP
PUJ,MSY
PUJ,MYR
PUJ,ORD
PUJ,PBG
PUJ,PHL
PUJ,PHX
PUJ,PIT
PUJ,TPA
RIC,AUS
RIC,BQN
RIC,DFW
RIC,FLL
RIC,IAH
RIC,JAX
RIC,LAS
RIC,LAX
RIC,MCO
RIC,MGA
RIC,MSY
RIC,PTY
RIC,SAP
RIC,SJO
RIC,STI
RIC,TPA
RSW,ACY
RSW,ATL
RSW,BDL
RSW,BOS
RSW,BWI
RSW,CAK
RSW,CLE
RSW,CMH
RSW,DEN
RSW,DFW
RSW,DTW
RSW,IAH
RSW,LAS
RSW,LAX
RSW,LBE
RSW,LGA
RSW,MCI
RSW,MSP
RSW,OAK
RSW,ORD
RSW,PDX
RSW,PHL
RSW,PHX
RSW,PIT
RSW,SJD
SAL,ACY
SAL,ATL
SAL,BOS
SAL,BQN
SAL,BWI
SAL,CLE
SAL,CMH
SAL,CRW
SAL,DEN
SAL,DFW
SAL,DTW
SAL,EWR
SAL,FLL
SAL,IAG
SAL,IAH
SAL,JAX
SAL,LAS
SAL,LAX
SAL,LBE
SAL,LGA
SAL,MCI
SAL,MCO
SAL,MSP
SAL,MSY
SAL,MYR
SAL,OAK
SAL,ORD
SAL,PBG
SAL,PHX
SAL,PIT
SAL,SAN
SAL,SEA
SAL,SJU
SAL,TPA
SAN,ACY
SAN,ATL
SAN,BDL
SAN,BOS
SAN,BQN
SAN,BWI
SAN,CAK
SAN,CLE
SAN,CLO
SAN,CUN
SAN,DEN
SAN,DFW
SAN,DTW
SAN,EWR
SAN,FLL
SAN,IAG
SAN,IAH
SAN,IND
SAN,LAS
SAN,LBE
SAN,LGA
SAN,MCI
SAN,MCO
SAN,MGA
SAN,MSP
SAN,MSY
SAN,MYR
SAN,OAK
SAN,ORD
SAN,PBG
SAN,PDX
SAN,PHL
SAN,PHX
SAN,PTY
SAN,SAL
SAN,SAP
SAN,SEA
SAN,SJD
SAN,SJO
SAN,STI
SAN,TPA
SAP,ACY
SAP,ATL
SAP,AUS
SAP,AVL
SAP,BDL
SAP,BOS
SAP,BWI
SAP,CAK
SAP,CLE
SAP,CRW
SAP,DEN
SAP,DFW
SAP,DTW
SAP,EWR
SAP,FLL
SAP,GSO
SAP,IAG
SAP,IAH
SAP,LAS
SAP,LAX
SAP,LBE
SAP,LGA
SAP,MCI
SAP,MCO
SAP,MSP
SAP,MSY
SAP,MYR
SAP,OAK
SAP,ORD
SAP,PBG
SAP,PHL
SAP,PIT
SAP,RIC
SAP,SAN
SAP,SEA
SAP,SJU
SAP,STT
SAP,STX
SAP,TPA
SDQ,ACY
SDQ,ATL
SDQ,AUS
SDQ,BOS
SDQ,BWI
SDQ,CMH
SDQ,DEN
SDQ,DFW
SDQ,DTW
SDQ,EWR
SDQ,FLL
SDQ,IAG
SDQ,IAH
SDQ,JAX
SDQ,LAS
SDQ,LAX
SDQ,LGA
SDQ,MCO
SDQ,MSP
SDQ,MSY
SDQ,MYR
SDQ,ORD
SDQ,PBG
SDQ,PHX
SDQ,PIT
SDQ,TPA
SEA,ATL
SEA,AUS
SEA,BDL
SEA,BOS
SEA,BQN
SEA,BWI
SEA,CAK
SEA,CLE
SEA,CMH
SEA,CUN
SEA,DEN
SEA,DFW
SEA,DTW
SEA,EWR
SEA,FLL
SEA,IAH
SEA,IND
SEA,LAS
SEA,LAX
SEA,LGA
SEA,MBJ
SEA,MCI
SEA,MCO
SEA,MGA
SEA,MSP
SEA,MSY
SEA,MYR
SEA,OAK
SEA,ORD
SEA,PHL
SEA,PHX
SEA,PIT
SEA,PTY
SEA,SAL
SEA,SAN
SEA,SAP
SEA,SJD
SEA,SJO
SEA,STI
SEA,TPA
SJD,ATL
SJD,BDL
SJD,CLE
SJD,DEN
SJD,DFW
SJD,DTW
SJD,FLL
SJD,IAH
SJD,LAS
SJD,MCI
SJD,MCO
SJD,MSP
SJD,MSY
SJD,OAK
SJD,PHL
SJD,RSW
SJD,SAN
SJD,SEA
SJO,ACY
SJO,ATL
SJO,AUS
SJO,AVL
SJO,BDL
SJO,BOS
SJO,BQN
SJO,BWI
SJO,CAK
SJO,CLE
SJO,CMH
SJO,CRW
SJO,DEN
SJO,DFW
SJO,DTW
SJO,EWR
SJO,FLL
SJO,GSO
SJO,IAG
SJO,IAH
SJO,IND
SJO,JAX
SJO,LAS
SJO,LAX
SJO,LBE
SJO,LGA
SJO,MCI
SJO,MCO
SJO,MSP
SJO,MSY
SJO,MYR
SJO,OAK
SJO,ORD
SJO,PBG
SJO,PHL
SJO,PHX
SJO,PIT
SJO,RIC
SJO,SAN
SJO,SEA
SJO,SJU
SJO,STX
SJO,TPA
SJU,ACY
SJU,ATL
SJU,AUS
SJU,AVL
SJU,AXM
SJU,BDL
SJU,BOG
SJU,BOS
SJU,BWI
SJU,CAK
SJU,CLE
SJU,CMH
SJU,CRW
SJU,CTG
SJU,CUN
SJU,DEN
SJU,DFW
SJU,DTW
SJU,EWR
SJU,FLL
SJU,GSO
SJU,GUA
SJU,IAG
SJU,IAH
SJU,JAX
SJU,KIN
SJU,LAS
SJU,LAX
SJU,LBE
SJU,LGA
SJU,LIM
SJU,MBJ
SJU,MCO
SJU,MDE
SJU,MGA
SJU,MSP
SJU,MSY
SJU,MYR
SJU,ORD
SJU,PBG
SJU,PHL
SJU,PHX
SJU,PIT
SJU,PTY
SJU,SAL
SJU,SAP
SJU,SJO
SJU,STI
SJU,TPA
STI,ACY
STI,ATL
STI,AUS
STI,AVL
STI,BDL
STI,BOS
STI,BWI
STI,CAK
STI,CLE
STI,CRW
STI,DFW
STI,DTW
STI,EWR
STI,FLL
STI,GSO
STI,IAG
STI,IAH
STI,LAS
STI,LBE
STI,LGA
STI,MCI
STI,MCO
STI,MSY
STI,ORD
STI,PBG
STI,PHL
STI,PIT
STI,RIC
STI,SAN
STI,SEA
STI,SJU
STI,STX
STI,TPA
STT,ACY
STT,ATL
STT,BOS
STT,BWI
STT,CMH
STT,DEN
STT,DFW
STT,DTW
STT,EWR
STT,FLL
STT,IAG
STT,IND
STT,JAX
STT,LAS
STT,LAX
STT,LBE
STT,LGA
STT,MCO
STT,MSP
STT,MSY
STT,MYR
STT,ORD
STT,PBG
STT,PHL
STT,PHX
STT,PIT
STT,SAP
STT,TPA
STX,ACY
STX,ATL
STX,BOS
STX,BQN
STX,BWI
STX,CMH
STX,DEN
STX,DFW
STX,DTW
STX,EWR
STX,FLL
STX,IAG
STX,JAX
STX,LAS
STX,LAX
STX,LGA
STX,MCO
STX,MGA
STX,MSY
STX,MYR
STX,ORD
STX,PBG
STX,PHL
STX,PHX
STX,PIT
STX,PTY
STX,SAP
STX,SJO
STX,STI
STX,TPA
SXM,ACY
SXM,ATL
SXM,BOS
SXM,BWI
SXM,CMH
SXM,DEN
SXM,DFW
SXM,DTW
SXM,EWR
SXM,FLL
SXM,IAG
SXM,LAS
SXM,LAX
SXM,LGA
SXM,MCO
SXM,MSP
SXM,MSY
SXM,MYR
SXM,ORD
SXM,PBG
SXM,PHX
SXM,PIT
SXM,TPA
TPA,ACY
TPA,ATL
TPA,AUA
TPA,AVL
TPA,AXM
TPA,BDL
TPA,BOG
TPA,BOS
TPA,BQN
TPA,BWI
TPA,CAK
TPA,CAP
TPA,CLE
TPA,CLO
TPA,CMH
TPA,CTG
TPA,CUN
TPA,DEN
TPA,DFW
TPA,DTW
TPA,EWR
TPA,FLL
TPA,GSO
TPA,GUA
TPA,GYE
TPA,IAG
TPA,IAH
TPA,IND
TPA,KIN
TPA,LAS
TPA,LAX
TPA,LBE
TPA,LGA
TPA,LIM
TPA,MBJ
TPA,MCI
TPA,MCO
TPA,MDE
TPA,MGA
TPA,MSP
TPA,MSY
TPA,MYR
TPA,OAK
TPA,ORD
TPA,PAP
TPA,PBG
TPA,PDX
TPA,PHL
TPA,PHX
TPA,PIT
TPA,PTY
TPA,PUJ
TPA,RIC
TPA,SAL
TPA,SAN
TPA,SAP
TPA,SDQ
TPA,SEA
TPA,SJO
TPA,SJU
TPA,STI
TPA,STT
TPA,STX
TPA,SXM
